USE [CourseFlx]
SET IDENTITY_INSERT [dbo].[Image] ON 
INSERT [dbo].[Image] ([Id], [ImageURL], [CreateDateTimeUTC], [ModifyDateTimeUTC]) VALUES (1, N'https://elliottscotthr.com.br/blog/wp-content/uploads/2019/03/business-partner-740x414.jpg', CAST(N'2022-05-26T21:48:37.0400000' AS DateTime2), CAST(N'2022-05-26T21:48:37.0400000' AS DateTime2))
INSERT [dbo].[Image] ([Id], [ImageURL], [CreateDateTimeUTC], [ModifyDateTimeUTC]) VALUES (2, N'https://iticollege.edu/wp-content/uploads/2021/01/Emerging-Trends-in-Information-Technology.jpg', CAST(N'2022-05-26T21:49:53.3100000' AS DateTime2), CAST(N'2022-05-26T21:49:53.3100000' AS DateTime2))
INSERT [dbo].[Image] ([Id], [ImageURL], [CreateDateTimeUTC], [ModifyDateTimeUTC]) VALUES (3, N'https://gurmentor.com/wp-content/uploads/2020/06/gurmentor.com-best-techniques-for-learning-a-foreign-language-2020-06-18_14-13-33_992016-768x664.jpg', CAST(N'2022-05-26T21:51:56.3566667' AS DateTime2), CAST(N'2022-05-26T21:51:56.3566667' AS DateTime2))
INSERT [dbo].[Image] ([Id], [ImageURL], [CreateDateTimeUTC], [ModifyDateTimeUTC]) VALUES (4, N'https://www.iberdrola.com/documents/20125/40738/Superacion_Personal_746x419_EN.jpg/8a9c08bc-7dac-da73-0049-fbf8f9d907a1?t=1627619915457', CAST(N'2022-05-26T21:53:36.2933333' AS DateTime2), CAST(N'2022-05-26T21:53:36.2933333' AS DateTime2))
INSERT [dbo].[Image] ([Id], [ImageURL], [CreateDateTimeUTC], [ModifyDateTimeUTC]) VALUES (5, N'https://www.oficinadanet.com.br/imagens/post/2430/330xNxmarketing.jpg.pagespeed.ic.933b8fe102.jpg', CAST(N'2022-05-26T21:54:27.0700000' AS DateTime2), CAST(N'2022-05-26T21:54:27.0700000' AS DateTime2))
SET IDENTITY_INSERT [dbo].[Image] OFF

SET IDENTITY_INSERT [dbo].[Category] ON 
INSERT [dbo].[Category] ([Id], [ImageId], [Name], [Description], [CreateDateTimeUTC], [ModifyDateTimeUTC]) VALUES (1, 1, N'Business', N'In this category you will find course in many business sector', CAST(N'2022-05-11T01:49:23.5800000' AS DateTime2), CAST(N'2022-05-11T01:49:23.5800000' AS DateTime2))
INSERT [dbo].[Category] ([Id], [ImageId], [Name], [Description], [CreateDateTimeUTC], [ModifyDateTimeUTC]) VALUES (2, 2, N'IT', N'Technology never stops. Each year the IT sector is increasing hirings and still have a lack of professional.', CAST(N'2022-05-11T01:49:23.5800000' AS DateTime2), CAST(N'2022-05-11T01:49:23.5800000' AS DateTime2))
INSERT [dbo].[Category] ([Id], [ImageId], [Name], [Description], [CreateDateTimeUTC], [ModifyDateTimeUTC]) VALUES (3, 3, N'Language', N'Find a language course suitable to you. ', CAST(N'2022-05-11T01:49:23.5800000' AS DateTime2), CAST(N'2022-05-11T01:49:23.5800000' AS DateTime2))
INSERT [dbo].[Category] ([Id], [ImageId], [Name], [Description], [CreateDateTimeUTC], [ModifyDateTimeUTC]) VALUES (4, 4, N'Personal Development', N'Soft skill is required for develp as professional as hard skill alike. Improve your soft skills in this section.', CAST(N'2022-05-11T01:49:23.5800000' AS DateTime2), CAST(N'2022-05-11T01:49:23.5800000' AS DateTime2))
INSERT [dbo].[Category] ([Id], [ImageId], [Name], [Description], [CreateDateTimeUTC], [ModifyDateTimeUTC]) VALUES (5, 5, N'Marketing', N'Marking is the heart of the business', CAST(N'2022-05-11T01:49:23.5800000' AS DateTime2), CAST(N'2022-05-11T01:49:23.5800000' AS DateTime2))
SET IDENTITY_INSERT [dbo].[Category] OFF

SET IDENTITY_INSERT [dbo].[Subcategory] ON 
INSERT [dbo].[Subcategory] ([Id], [CategoryId], [ImageId], [Name], [Description], [CreateDateTimeUTC], [ModifyDateTimeUTC]) VALUES (1, 1, NULL, N'Accounting', NULL, CAST(N'2022-05-11T01:49:23.5833333' AS DateTime2), CAST(N'2022-05-11T01:49:23.5833333' AS DateTime2))
INSERT [dbo].[Subcategory] ([Id], [CategoryId], [ImageId], [Name], [Description], [CreateDateTimeUTC], [ModifyDateTimeUTC]) VALUES (2, 1, NULL, N'Auditing', NULL, CAST(N'2022-05-11T01:49:23.5833333' AS DateTime2), CAST(N'2022-05-11T01:49:23.5833333' AS DateTime2))
INSERT [dbo].[Subcategory] ([Id], [CategoryId], [ImageId], [Name], [Description], [CreateDateTimeUTC], [ModifyDateTimeUTC]) VALUES (3, 1, NULL, N'Costumer Service', NULL, CAST(N'2022-05-11T01:49:23.5833333' AS DateTime2), CAST(N'2022-05-11T01:49:23.5833333' AS DateTime2))
INSERT [dbo].[Subcategory] ([Id], [CategoryId], [ImageId], [Name], [Description], [CreateDateTimeUTC], [ModifyDateTimeUTC]) VALUES (4, 1, NULL, N'Human Resources', NULL, CAST(N'2022-05-11T01:49:23.5833333' AS DateTime2), CAST(N'2022-05-11T01:49:23.5833333' AS DateTime2))
INSERT [dbo].[Subcategory] ([Id], [CategoryId], [ImageId], [Name], [Description], [CreateDateTimeUTC], [ModifyDateTimeUTC]) VALUES (5, 2, NULL, N'Programming', NULL, CAST(N'2022-05-11T01:49:23.5833333' AS DateTime2), CAST(N'2022-05-11T01:49:23.5833333' AS DateTime2))
INSERT [dbo].[Subcategory] ([Id], [CategoryId], [ImageId], [Name], [Description], [CreateDateTimeUTC], [ModifyDateTimeUTC]) VALUES (6, 2, NULL, N'AWS', NULL, CAST(N'2022-05-11T01:49:23.5833333' AS DateTime2), CAST(N'2022-05-11T01:49:23.5833333' AS DateTime2))
INSERT [dbo].[Subcategory] ([Id], [CategoryId], [ImageId], [Name], [Description], [CreateDateTimeUTC], [ModifyDateTimeUTC]) VALUES (7, 2, NULL, N'Computer Network', NULL, CAST(N'2022-05-11T01:49:23.5833333' AS DateTime2), CAST(N'2022-05-11T01:49:23.5833333' AS DateTime2))
INSERT [dbo].[Subcategory] ([Id], [CategoryId], [ImageId], [Name], [Description], [CreateDateTimeUTC], [ModifyDateTimeUTC]) VALUES (8, 2, NULL, N'Data Science', NULL, CAST(N'2022-05-11T01:49:23.5866667' AS DateTime2), CAST(N'2022-05-11T01:49:23.5866667' AS DateTime2))
INSERT [dbo].[Subcategory] ([Id], [CategoryId], [ImageId], [Name], [Description], [CreateDateTimeUTC], [ModifyDateTimeUTC]) VALUES (9, 2, NULL, N'Cyber Security', NULL, CAST(N'2022-05-11T01:49:23.5866667' AS DateTime2), CAST(N'2022-05-11T01:49:23.5866667' AS DateTime2))
INSERT [dbo].[Subcategory] ([Id], [CategoryId], [ImageId], [Name], [Description], [CreateDateTimeUTC], [ModifyDateTimeUTC]) VALUES (10, 2, NULL, N'Server', NULL, CAST(N'2022-05-11T01:49:23.5866667' AS DateTime2), CAST(N'2022-05-11T01:49:23.5866667' AS DateTime2))
INSERT [dbo].[Subcategory] ([Id], [CategoryId], [ImageId], [Name], [Description], [CreateDateTimeUTC], [ModifyDateTimeUTC]) VALUES (11, 2, NULL, N'Databases', NULL, CAST(N'2022-05-11T01:49:23.5866667' AS DateTime2), CAST(N'2022-05-11T01:49:23.5866667' AS DateTime2))
INSERT [dbo].[Subcategory] ([Id], [CategoryId], [ImageId], [Name], [Description], [CreateDateTimeUTC], [ModifyDateTimeUTC]) VALUES (12, 3, NULL, N'English', NULL, CAST(N'2022-05-11T01:49:23.5866667' AS DateTime2), CAST(N'2022-05-11T01:49:23.5866667' AS DateTime2))
INSERT [dbo].[Subcategory] ([Id], [CategoryId], [ImageId], [Name], [Description], [CreateDateTimeUTC], [ModifyDateTimeUTC]) VALUES (13, 3, NULL, N'Spanish', NULL, CAST(N'2022-05-11T01:49:23.5866667' AS DateTime2), CAST(N'2022-05-11T01:49:23.5866667' AS DateTime2))
INSERT [dbo].[Subcategory] ([Id], [CategoryId], [ImageId], [Name], [Description], [CreateDateTimeUTC], [ModifyDateTimeUTC]) VALUES (14, 3, NULL, N'Portuguese', NULL, CAST(N'2022-05-11T01:49:23.5866667' AS DateTime2), CAST(N'2022-05-11T01:49:23.5866667' AS DateTime2))
INSERT [dbo].[Subcategory] ([Id], [CategoryId], [ImageId], [Name], [Description], [CreateDateTimeUTC], [ModifyDateTimeUTC]) VALUES (17, 3, NULL, N'Brazilian Portuguese', NULL, CAST(N'2022-05-11T01:49:23.5866667' AS DateTime2), CAST(N'2022-05-11T01:49:23.5866667' AS DateTime2))
INSERT [dbo].[Subcategory] ([Id], [CategoryId], [ImageId], [Name], [Description], [CreateDateTimeUTC], [ModifyDateTimeUTC]) VALUES (18, 4, NULL, N'Communication Skill', NULL, CAST(N'2022-05-11T01:49:23.5866667' AS DateTime2), CAST(N'2022-05-11T01:49:23.5866667' AS DateTime2))
INSERT [dbo].[Subcategory] ([Id], [CategoryId], [ImageId], [Name], [Description], [CreateDateTimeUTC], [ModifyDateTimeUTC]) VALUES (19, 4, NULL, N'Mental Health', NULL, CAST(N'2022-05-11T01:49:23.5866667' AS DateTime2), CAST(N'2022-05-11T01:49:23.5866667' AS DateTime2))
INSERT [dbo].[Subcategory] ([Id], [CategoryId], [ImageId], [Name], [Description], [CreateDateTimeUTC], [ModifyDateTimeUTC]) VALUES (20, 4, NULL, N'Personal Finance', NULL, CAST(N'2022-05-11T01:49:23.5866667' AS DateTime2), CAST(N'2022-05-11T01:49:23.5866667' AS DateTime2))
INSERT [dbo].[Subcategory] ([Id], [CategoryId], [ImageId], [Name], [Description], [CreateDateTimeUTC], [ModifyDateTimeUTC]) VALUES (25, 4, NULL, N'Psycohology', NULL, CAST(N'2022-05-11T01:49:23.5866667' AS DateTime2), CAST(N'2022-05-11T01:49:23.5866667' AS DateTime2))
INSERT [dbo].[Subcategory] ([Id], [CategoryId], [ImageId], [Name], [Description], [CreateDateTimeUTC], [ModifyDateTimeUTC]) VALUES (26, 5, NULL, N'Advertising', NULL, CAST(N'2022-05-11T01:49:23.5866667' AS DateTime2), CAST(N'2022-05-11T01:49:23.5866667' AS DateTime2))
INSERT [dbo].[Subcategory] ([Id], [CategoryId], [ImageId], [Name], [Description], [CreateDateTimeUTC], [ModifyDateTimeUTC]) VALUES (27, 5, NULL, N'Amazon', NULL, CAST(N'2022-05-11T01:49:23.5900000' AS DateTime2), CAST(N'2022-05-11T01:49:23.5900000' AS DateTime2))
INSERT [dbo].[Subcategory] ([Id], [CategoryId], [ImageId], [Name], [Description], [CreateDateTimeUTC], [ModifyDateTimeUTC]) VALUES (28, 5, NULL, N'Digital Marketing', NULL, CAST(N'2022-05-11T01:49:23.5900000' AS DateTime2), CAST(N'2022-05-11T01:49:23.5900000' AS DateTime2))
INSERT [dbo].[Subcategory] ([Id], [CategoryId], [ImageId], [Name], [Description], [CreateDateTimeUTC], [ModifyDateTimeUTC]) VALUES (29, 5, NULL, N'Social Media', NULL, CAST(N'2022-05-11T01:49:23.5900000' AS DateTime2), CAST(N'2022-05-11T01:49:23.5900000' AS DateTime2))
INSERT [dbo].[Subcategory] ([Id], [CategoryId], [ImageId], [Name], [Description], [CreateDateTimeUTC], [ModifyDateTimeUTC]) VALUES (30, 5, NULL, N'Marketing Strategy', NULL, CAST(N'2022-05-11T01:49:23.5900000' AS DateTime2), CAST(N'2022-05-11T01:49:23.5900000' AS DateTime2))
SET IDENTITY_INSERT [dbo].[Subcategory] OFF